file_name,mean,std_dev,max,min,median,rms,zero_crossing_rate,skewness,kurtosis
6db_boosted_AS_005_sit_Aor.wav,0.013269568,0.23387316,0.9884949,-0.9885559,0.013153076,0.23424931,0.011693869426751591,-0.023308795942384046,2.3390085906887714
6db_boosted_AS_005_sit_Aor_first_half.wav,0.016715717,0.22475885,0.9884949,-0.9885559,0.01638794,0.22537959,0.011731111550632911,0.015303331681165959,1.7597873743986865
6db_boosted_AS_005_sit_Aor_second_half.wav,0.009823415,0.24259639,0.9884949,-0.9885559,0.009307861,0.2427952,0.011397349683544304,-0.04790089791798488,2.710540242283268
6db_boosted_AS_005_sit_Mit.wav,-0.048401285,0.249441,0.9884949,-0.9885559,-0.054138184,0.25409347,0.011289560111464968,0.355423730165743,2.0227991226226836
6db_boosted_AS_005_sit_Mit_first_half.wav,-0.034937084,0.26600718,0.9884949,-0.9885559,-0.039916992,0.26829165,0.011496242088607595,0.3259621695693237,1.662139259510945
6db_boosted_AS_005_sit_Mit_second_half.wav,-0.06186549,0.23090959,0.9884949,-0.95584106,-0.06707764,0.23905349,0.010865803006329115,0.3405413694855999,2.3845855122517854
6db_boosted_AS_005_sit_Pul.wav,-0.04136741,0.29952225,0.9884949,-0.9885559,-0.038085938,0.3023654,0.013494600915605096,0.04097191428576187,1.3512255909155613
6db_boosted_AS_005_sit_Pul_first_half.wav,-0.042193532,0.2719752,0.9884949,-0.9885559,-0.037902832,0.27522862,0.013566801819620253,-0.027556085482964978,1.4416308298809577
6db_boosted_AS_005_sit_Pul_second_half.wav,-0.04054128,0.3247388,0.9884949,-0.9885559,-0.038360596,0.3272597,0.013103243670886076,0.07820822233111623,1.1118829402518697
6db_boosted_AS_005_sit_Tri.wav,0.0014922299,0.22216012,0.9884949,-0.9885559,0.0059509277,0.22216514,0.012847706011146497,0.15813766116871453,7.068488731312245
6db_boosted_AS_005_sit_Tri_first_half.wav,-0.010284782,0.23295408,0.9884949,-0.9885559,-0.0027770996,0.23318101,0.01229356210443038,0.17651976038267517,5.880877362513237
6db_boosted_AS_005_sit_Tri_second_half.wav,0.013269241,0.21015526,0.9884949,-0.9885559,0.0126953125,0.21057376,0.013152689873417722,0.17165887922103337,8.712685613841568
6db_boosted_AS_005_sup_Aor.wav,-0.007926721,0.30671173,0.9884949,-0.9885559,-0.005126953,0.30681413,0.01227234275477707,-0.05519150861837068,0.943599069007087
6db_boosted_AS_005_sup_Aor_first_half.wav,-0.009277887,0.29763386,0.9884949,-0.9885559,-0.011230469,0.29777843,0.01216376582278481,-0.0389977774482033,0.7652886287033622
6db_boosted_AS_005_sup_Aor_second_half.wav,-0.0065755546,0.31552276,0.9884949,-0.9885559,0.0012207031,0.31559128,0.012169946598101266,-0.07007307244213552,1.0615525984934955
6db_boosted_AS_005_sup_Mit.wav,0.027382556,0.29070303,0.9884949,-0.9885559,0.022918701,0.29198983,0.012713972929936306,-0.09236987698102612,1.421124708277298
6db_boosted_AS_005_sup_Mit_first_half.wav,0.030415189,0.30069688,0.9884949,-0.9885559,0.024291992,0.30223122,0.012522250791139241,-0.1027908469470663,1.185331848038497
6db_boosted_AS_005_sup_Mit_second_half.wav,0.024349917,0.28032035,0.9884949,-0.9885559,0.02178955,0.28137594,0.012645866297468354,-0.08405123439160722,1.685709175829623
6db_boosted_AS_005_sup_Pul.wav,-0.019831862,0.12557353,0.9884949,-0.9885559,-0.020385742,0.1271299,0.013684315286624204,-0.13572986817031996,3.4083145052417354
6db_boosted_AS_005_sup_Pul_first_half.wav,-0.013664287,0.13637532,0.9884949,-0.9885559,-0.011352539,0.13705817,0.013572982594936708,-0.15540227314913355,4.05281411232895
6db_boosted_AS_005_sup_Pul_second_half.wav,-0.025999438,0.113415666,0.4862671,-0.54067993,-0.027832031,0.11635757,0.013461728639240507,-0.17101427383139942,1.49500479897248
6db_boosted_AS_005_sup_Tri.wav,0.008568519,0.25050923,0.9884949,-0.9885559,0.0056762695,0.25065574,0.013258235469745224,0.16995957719307236,4.344965397770298
6db_boosted_AS_005_sup_Tri_first_half.wav,-0.007327479,0.24223205,0.9884949,-0.9885559,-0.01159668,0.24234287,0.013282486155063292,0.2356746413717102,4.67653390106056
6db_boosted_AS_005_sup_Tri_second_half.wav,0.024464518,0.25754225,0.9884949,-0.9885559,0.024414062,0.25870162,0.013010532041139241,0.09537147159663842,4.124054465647716
6db_boosted_AS_015_sit_Aor.wav,0.013001727,0.24504761,0.9884949,-0.9885559,0.017303467,0.24539231,0.016284335191082803,-0.4198022543661197,4.211177388469356
6db_boosted_AS_015_sit_Aor_first_half.wav,0.007980675,0.25114578,0.9884949,-0.9885559,0.008422852,0.25127253,0.016749901107594937,-0.32521804275785055,3.718885495692576
6db_boosted_AS_015_sit_Aor_second_half.wav,0.018022778,0.2386882,0.9884949,-0.9885559,0.025268555,0.23936766,0.0155693730221519,-0.5229152574437262,4.793186823029562
6db_boosted_AS_015_sit_Mit.wav,0.0036292172,0.19113883,0.9884949,-0.9885559,0.004425049,0.1911733,0.014206807324840764,0.1980603536226692,7.488315546197404
6db_boosted_AS_015_sit_Mit_first_half.wav,0.0064807334,0.21637623,0.9884949,-0.9885559,0.009002686,0.21647325,0.014654618275316455,0.02058600364724249,5.91713507694784
6db_boosted_AS_015_sit_Mit_second_half.wav,0.0007777008,0.16196662,0.9884949,-0.9435425,0.0014038086,0.16196848,0.013461728639240507,0.5604964058559105,9.312560956057409
6db_boosted_AS_015_sit_Pul.wav,0.0063223466,0.23415871,0.9884949,-0.9885559,0.0067749023,0.23424405,0.013743406648089172,0.0149517510079988,7.438093542201443
6db_boosted_AS_015_sit_Pul_first_half.wav,0.006200028,0.23303437,0.9884949,-0.9885559,0.004180908,0.23311684,0.013764586629746835,0.015201871876491522,7.63116560070257
6db_boosted_AS_015_sit_Pul_second_half.wav,0.0064446647,0.23527761,0.9884949,-0.9885559,0.009490967,0.23536587,0.01339992088607595,0.014677748068107507,7.250407776577736
6db_boosted_AS_015_sit_Tri.wav,0.0032510299,0.1799284,0.9884949,-0.9885559,0.0032043457,0.17995778,0.014458723128980892,0.7238862359954796,9.796613414017527
6db_boosted_AS_015_sit_Tri_first_half.wav,0.00948566,0.18677048,0.9884949,-0.9885559,0.008453369,0.18701121,0.014469195015822785,0.5894744521321107,7.9589449609988385
6db_boosted_AS_015_sit_Tri_second_half.wav,-0.0029836,0.17259057,0.9884949,-0.9885559,-0.0021362305,0.17261635,0.014184879351265823,0.8748237646129761,12.203568631919122
6db_boosted_AS_015_sup_Aor.wav,0.00095151557,0.28104547,0.9884949,-0.9885559,0.0,0.28104708,0.01718936604299363,-0.19351025467673166,2.946609394286818
6db_boosted_AS_015_sup_Aor_first_half.wav,-0.00024203568,0.27566978,0.9884949,-0.9885559,-0.0010375977,0.2756699,0.01770792128164557,-0.1863407224238969,3.0448409241685823
6db_boosted_AS_015_sup_Aor_second_half.wav,0.0021450669,0.28631523,0.9884949,-0.9885559,0.0013427734,0.2863233,0.016385235363924052,-0.20063467369537294,2.847126498476543
6db_boosted_AS_015_sup_Mit.wav,-0.001973874,0.21537173,0.9884949,-0.9885559,-0.0067749023,0.21538076,0.013304886544585988,0.19700001483687948,6.424423142861061
6db_boosted_AS_015_sup_Mit_first_half.wav,0.012495768,0.22570358,0.9884949,-0.9885559,0.0059814453,0.22604923,0.012454262262658227,0.10497990673072145,5.272920906277438
6db_boosted_AS_015_sup_Mit_second_half.wav,-0.016443515,0.20349227,0.9884949,-0.9885559,-0.017303467,0.20415555,0.013931467563291139,0.2747557206403834,8.100122032758145
6db_boosted_AS_015_sup_Pul.wav,0.020871438,0.31021994,0.9884949,-0.9885559,0.020751953,0.31092128,0.01615371218152866,-0.1607602851805365,2.184321733925975
6db_boosted_AS_015_sup_Pul_first_half.wav,0.027642794,0.30361617,0.9884949,-0.9885559,0.027954102,0.30487195,0.015748615506329115,-0.1753944238296164,1.9069367240639208
6db_boosted_AS_015_sup_Pul_second_half.wav,0.014100082,0.31654125,0.9884949,-0.9885559,0.013671875,0.31685513,0.01621217365506329,-0.14273180793167503,2.4073810598826544
6db_boosted_AS_015_sup_Tri.wav,-0.0010423965,0.19304942,0.9884949,-0.9885559,-0.0056762695,0.19305222,0.01543217555732484,-0.10788962709539356,7.40273290288795
6db_boosted_AS_015_sup_Tri_first_half.wav,0.003954203,0.22484642,0.9884949,-0.9885559,-0.0006713867,0.2248812,0.015155261075949366,-0.1116685248563427,6.023693013214487
6db_boosted_AS_015_sup_Tri_second_half.wav,-0.006038996,0.15469421,0.9884949,-0.9880676,-0.008270264,0.15481204,0.015414853639240507,-0.18428132784749698,7.187264934508647
6db_boosted_AS_054_sit_Aor.wav,0.00046629526,0.23607445,0.9884949,-0.9885559,0.002319336,0.23607491,0.01598265824044586,-0.16762586799036544,5.639369064231117
6db_boosted_AS_054_sit_Aor_first_half.wav,-0.006963695,0.2513538,0.9884949,-0.9885559,-0.0057373047,0.2514502,0.015896954113924052,-0.12495367185872198,4.916134889562926
6db_boosted_AS_054_sit_Aor_second_half.wav,0.0078962855,0.21948384,0.9884949,-0.9885559,0.009735107,0.21962583,0.015822784810126583,-0.1978626492273472,6.495489982049602
6db_boosted_AS_054_sit_Mit.wav,-0.0025612381,0.17114943,0.9884949,-0.9885559,0.00018310547,0.17116861,0.014079294386942675,-0.16736834760640093,8.508204209544838
6db_boosted_AS_054_sit_Mit_first_half.wav,0.006348438,0.17359555,0.9884949,-0.9885559,0.010528564,0.1737116,0.013776948180379747,-0.1635348967194373,8.118486473653451
6db_boosted_AS_054_sit_Mit_second_half.wav,-0.011470915,0.16819656,0.9884949,-0.9885559,-0.007659912,0.16858724,0.014067444620253165,-0.18324955050274946,9.023978549439285
6db_boosted_AS_054_sit_Pul.wav,0.004127853,0.21585964,0.9884949,-0.9885559,0.0034484863,0.21589911,0.014396521695859872,0.2248174439724142,7.365121720547698
6db_boosted_AS_054_sit_Pul_first_half.wav,0.0051544365,0.20186816,0.9884949,-0.9885559,0.0046081543,0.20193395,0.01388820213607595,0.3877684709637082,7.188931849174207
6db_boosted_AS_054_sit_Pul_second_half.wav,0.0031012695,0.22899325,0.9884949,-0.9885559,0.0022583008,0.22901423,0.014654618275316455,0.11397120340878095,7.2118956235363925
6db_boosted_AS_054_sit_Tri.wav,0.00397849,0.16300717,0.9884949,-0.9885559,0.0027160645,0.16305572,0.010126393312101911,-0.599750112039486,17.41843309877663
6db_boosted_AS_054_sit_Tri_first_half.wav,0.006824109,0.16745661,0.9884949,-0.9885559,0.0056762695,0.16759561,0.009345332278481012,-0.6417118240560934,16.539495128425973
6db_boosted_AS_054_sit_Tri_second_half.wav,0.0011328704,0.15838172,0.9884949,-0.9885559,0.0005493164,0.15838575,0.010692741297468354,-0.5555867912372053,18.413336033952774
6db_boosted_AS_054_sup_Aor.wav,0.0063403756,0.11041635,0.9884949,-0.9885559,0.0064697266,0.110598244,0.012343874402866242,0.07937857686235299,14.928431735907079
6db_boosted_AS_054_sup_Aor_first_half.wav,0.008741939,0.08612429,0.5692444,-0.61416626,0.007385254,0.08656682,0.011897992484177215,0.27121178364326987,7.3164047160992
6db_boosted_AS_054_sup_Aor_second_half.wav,0.003938811,0.13020988,0.9884949,-0.9885559,0.0051574707,0.13026945,0.012546973892405063,0.04945177879037732,13.561303825299746
6db_boosted_AS_054_sup_Mit.wav,-0.0092459945,0.19212079,0.9884949,-0.9885559,-0.010925293,0.19234315,0.013818048367834394,0.2439395842501899,7.45027688149062
6db_boosted_AS_054_sup_Mit_first_half.wav,-0.013319785,0.21949625,0.9884949,-0.9885559,-0.01373291,0.21990003,0.013733682753164557,0.08614351834580254,5.771576572990053
6db_boosted_AS_054_sup_Mit_second_half.wav,-0.005172205,0.16002811,0.9884949,-0.9680481,-0.008880615,0.16011168,0.013653332674050634,0.6892207886786839,9.313619138080698
6db_boosted_AS_054_sup_Pul.wav,0.004279219,0.2054033,0.9884949,-0.9885559,0.0046691895,0.20544787,0.013286226114649682,0.3663957881655901,7.420269996469546
6db_boosted_AS_054_sup_Pul_first_half.wav,0.0009080826,0.18921217,0.9884949,-0.9885559,0.0016479492,0.18921436,0.01299817049050633,0.6473426675612326,7.561814950538578
6db_boosted_AS_054_sup_Pul_second_half.wav,0.0076503553,0.22035666,0.9884949,-0.9885559,0.007965088,0.22048943,0.013301028481012658,0.17161853998852247,7.00438499812315
6db_boosted_AS_054_sup_Tri.wav,-0.0035540482,0.18248372,0.9884949,-0.9885559,-0.0043640137,0.18251832,0.013712305931528663,0.0972871746929612,16.02212300613183
6db_boosted_AS_054_sup_Tri_first_half.wav,-0.0036510825,0.18366084,0.9884949,-0.9885559,-0.004119873,0.18369712,0.013937648338607595,0.1287924273088656,15.642376369737029
6db_boosted_AS_054_sup_Tri_second_half.wav,-0.0034570138,0.18129891,0.9884949,-0.9885559,-0.0046691895,0.18133187,0.013276305379746835,0.06456412929527247,16.415667898368493
6db_boosted_AS_056_sit_Aor.wav,-0.00085708086,0.1983868,0.9884949,-0.9885559,0.0012817383,0.19838867,0.015310882762738854,0.07249610614967088,3.9031584657818756
6db_boosted_AS_056_sit_Aor_first_half.wav,-0.0019054123,0.21855243,0.9884949,-0.9885559,0.00076293945,0.21856076,0.015785700158227847,0.08486904710832437,3.5315856724974957
6db_boosted_AS_056_sit_Aor_second_half.wav,0.00019125061,0.17591837,0.85876465,-0.9885559,0.0016479492,0.17591847,0.014531002768987342,0.05492576550021105,3.7722659860842063
6db_boosted_AS_056_sit_Mit.wav,-0.0025839035,0.22073676,0.9884949,-0.9885559,0.0004272461,0.22075187,0.013136942675159236,-0.04384037525288688,4.557787902243919
6db_boosted_AS_056_sit_Mit_first_half.wav,-0.0037895036,0.22034232,0.9884949,-0.9885559,-0.0027770996,0.2203749,0.012367731408227849,-0.1589249066689067,4.719635574007979
6db_boosted_AS_056_sit_Mit_second_half.wav,-0.0013783035,0.2211239,0.9884949,-0.9885559,0.0043029785,0.22112821,0.013653332674050634,0.06990900344665679,4.393614620471125
6db_boosted_AS_056_sit_Pul.wav,0.004655744,0.23092493,0.9884949,-0.9885559,0.012969971,0.23097186,0.015320212977707007,-0.3744515132471222,4.160270960859943
6db_boosted_AS_056_sit_Pul_first_half.wav,0.0048973276,0.23181896,0.9884949,-0.9885559,0.012573242,0.23187068,0.014772053006329115,-0.38863361716152034,4.472807570131584
6db_boosted_AS_056_sit_Pul_second_half.wav,0.0044141607,0.23002718,0.9884949,-0.9885559,0.013366699,0.23006953,0.015557011471518988,-0.3599692335662119,3.837182635243586
6db_boosted_AS_056_sit_Tri.wav,-0.00079592934,0.2563578,0.9884949,-0.9885559,0.0022583008,0.256359,0.012154160031847133,-0.04049884078465979,5.945038058853402
6db_boosted_AS_056_sit_Tri_first_half.wav,-0.002396463,0.2652268,0.9884949,-0.9885559,0.0035095215,0.26523763,0.012132861946202531,-0.08254579932015399,5.579697891970753
6db_boosted_AS_056_sit_Tri_second_half.wav,0.0008046043,0.24716036,0.9884949,-0.9885559,0.0008544922,0.24716167,0.011941257911392405,0.01456619676919637,6.324842225526451
6db_boosted_AS_056_sup_Aor.wav,0.048970178,0.349095,0.9884949,-0.9885559,0.042510986,0.35251296,0.014181926751592357,0.025059252237457565,0.7926312413018666
6db_boosted_AS_056_sup_Aor_first_half.wav,0.07215906,0.33746582,0.9884949,-0.9885559,0.0730896,0.34509438,0.014098348496835443,-0.07251885688476312,0.8835784784544889
6db_boosted_AS_056_sup_Aor_second_half.wav,0.025781306,0.35885364,0.9884949,-0.9885559,0.013244629,0.35977858,0.013937648338607595,0.12886883672089747,0.7576111941464956
6db_boosted_AS_056_sup_Mit.wav,-0.07352853,0.32319462,0.9884949,-0.9885559,-0.07467651,0.33145317,0.012829045581210192,0.1850128272969635,2.0111553893223046
6db_boosted_AS_056_sup_Mit_first_half.wav,-0.07995343,0.33160135,0.9884949,-0.9885559,-0.07473755,0.3411041,0.01299817049050633,0.18871340215915208,1.7551874960149316
6db_boosted_AS_056_sup_Mit_second_half.wav,-0.06710362,0.31443208,0.9884949,-0.9885559,-0.07458496,0.3215127,0.012417177610759493,0.187362661993209,2.30256700198285
6db_boosted_AS_056_sup_Pul.wav,-0.04344454,0.28319666,0.9884949,-0.9885559,-0.05029297,0.28650966,0.013569242635350318,0.41496436202603854,2.792606281094746
6db_boosted_AS_056_sup_Pul_first_half.wav,-0.060336113,0.30742052,0.9884949,-0.9885559,-0.072021484,0.31328553,0.012973447389240507,0.461820026432807,2.2580770402989714
6db_boosted_AS_056_sup_Pul_second_half.wav,-0.026552975,0.25558305,0.9884949,-0.9885559,-0.032409668,0.25695866,0.013906744462025316,0.41395726966151747,3.4962226854578473
6db_boosted_AS_056_sup_Tri.wav,-0.036783673,0.2906699,0.9884949,-0.9885559,-0.038146973,0.2929881,0.01308407145700637,0.18050659105907074,2.7814230620817115
6db_boosted_AS_056_sup_Tri_first_half.wav,-0.03080296,0.29379255,0.9884949,-0.9885559,-0.026672363,0.2954029,0.013220678401898734,0.09426030800769848,2.63282205257702
6db_boosted_AS_056_sup_Tri_second_half.wav,-0.042764384,0.2873889,0.9884949,-0.9885559,-0.04888916,0.29055318,0.012713854825949366,0.270003321309876,2.9568695235587574
6db_boosted_AS_060_sit_Aor.wav,-0.028536024,0.4009488,0.9884949,-0.9885559,-0.026947021,0.40196297,0.014166376393312101,-0.09281068161680521,0.6554109248246842
6db_boosted_AS_060_sit_Aor_first_half.wav,0.019711606,0.40726045,0.9884949,-0.9885559,0.030303955,0.40773717,0.014407387262658227,-0.21707211279250524,0.6896464606353256
6db_boosted_AS_060_sit_Aor_second_half.wav,-0.07678366,0.38859117,0.9884949,-0.9885559,-0.07791138,0.3961046,0.013653332674050634,0.009336313815305865,0.7688178479837111
6db_boosted_AS_060_sit_Mit.wav,-0.035001148,0.39128244,0.9884949,-0.9885559,-0.020629883,0.39284477,0.013556802348726115,-0.1352498299755094,0.10475149416886831
6db_boosted_AS_060_sit_Mit_first_half.wav,0.023872368,0.39307347,0.9884949,-0.9885559,0.03543091,0.39379773,0.013814032832278481,-0.19297718734678643,0.23300836504792066
6db_boosted_AS_060_sit_Mit_second_half.wav,-0.09387466,0.3804799,0.9884949,-0.9885559,-0.08001709,0.39188954,0.013004351265822785,-0.11265763187369385,0.026374581109101847
6db_boosted_AS_060_sit_Pul.wav,0.012620118,0.35926053,0.9884949,-0.9885559,0.010253906,0.35948214,0.013211584394904458,0.044126449637837566,0.8400578186726269
6db_boosted_AS_060_sit_Pul_first_half.wav,0.012282604,0.37130576,0.9884949,-0.9885559,0.010284424,0.37150887,0.012645866297468354,0.050288083367391885,0.6027716662530107
6db_boosted_AS_060_sit_Pul_second_half.wav,0.012957633,0.34679687,0.9884949,-0.9885559,0.010223389,0.34703887,0.013523536392405063,0.036819924323126516,1.1108535367724945
6db_boosted_AS_060_sit_Tri.wav,0.053086635,0.24410248,0.9884949,-0.9885559,0.06707764,0.24980837,0.010390749402866242,-0.3025646677461742,3.8201162034080154
6db_boosted_AS_060_sit_Tri_first_half.wav,0.044193342,0.28934216,0.9884949,-0.9885559,0.068115234,0.2926977,0.010049940664556962,-0.3129722785619825,2.6205301415755633
6db_boosted_AS_060_sit_Tri_second_half.wav,0.06197992,0.18786955,0.9884949,-0.8658447,0.066223145,0.19782941,0.010507318037974684,0.010789144647411434,3.9897585017401536
6db_boosted_AS_060_sup_Aor.wav,0.01614495,0.22518843,0.9884949,-0.9885559,0.027526855,0.22576645,0.01389580015923567,-0.16294029352862896,2.242376044857357
6db_boosted_AS_060_sup_Aor_first_half.wav,-0.00022900772,0.24217959,0.9884949,-0.9885559,0.01159668,0.2421797,0.013894382911392405,-0.24111662993842292,2.1600313961708526
6db_boosted_AS_060_sup_Aor_second_half.wav,0.032518905,0.20550545,0.9884949,-0.80355835,0.044036865,0.20806243,0.013579163370253165,0.058765243858144835,1.9288926379768405
6db_boosted_AS_060_sup_Mit.wav,0.022838138,0.26744783,0.9884949,-0.9885559,0.017852783,0.26842117,0.01259579020700637,-0.07951530916447935,2.923468849736353
6db_boosted_AS_060_sup_Mit_first_half.wav,0.014832031,0.27385938,0.9884949,-0.9885559,0.013031006,0.27426073,0.012645866297468354,-0.11272602738860882,2.5555285108889016
6db_boosted_AS_060_sup_Mit_second_half.wav,0.030844238,0.26063293,0.9884949,-0.9885559,0.021942139,0.2624517,0.012343008306962026,-0.031470526582475455,3.339316423389575
6db_boosted_AS_060_sup_Pul.wav,0.0068032425,0.12647313,0.9885254,-0.7510071,0.0093688965,0.12665597,0.014312549761146497,0.05851377339669882,4.876173443290715
6db_boosted_AS_060_sup_Pul_first_half.wav,0.004352106,0.14480495,0.9885254,-0.7510071,0.009735107,0.14487034,0.013894382911392405,0.13311403451996268,4.952480377160138
6db_boosted_AS_060_sup_Pul_second_half.wav,0.009254378,0.10493053,0.47769165,-0.49868774,0.00894165,0.10533783,0.014438291139240507,-0.08154174054479368,1.4339190634044998
6db_boosted_AS_060_sup_Tri.wav,-0.022164736,0.3038451,0.9884949,-0.9885559,-0.024414062,0.30465245,0.013594123208598726,-0.08415933277709046,2.0975269991198626
6db_boosted_AS_060_sup_Tri_first_half.wav,-0.007469703,0.30238098,0.9884949,-0.9885559,-0.01159668,0.30247322,0.013412282436708861,-0.04442304577358179,2.276425947746014
6db_boosted_AS_060_sup_Tri_second_half.wav,-0.036859766,0.3045941,0.9884949,-0.9885559,-0.037109375,0.30681622,0.013535897943037974,-0.12152298489892424,1.9276021172797666
6db_boosted_AS_064_sit_Aor.wav,-0.023406329,0.30962682,0.9884949,-0.9885559,-0.032348633,0.31051025,0.013774507364649682,0.09689515364108785,0.8205831947373707
6db_boosted_AS_064_sit_Aor_first_half.wav,-0.0133199375,0.3383939,0.9884949,-0.9885559,-0.017150879,0.33865595,0.01385729825949367,0.007558587454739309,0.5457227301860352
6db_boosted_AS_064_sit_Aor_second_half.wav,-0.033492718,0.2775313,0.9884949,-0.9885559,-0.043395996,0.27954495,0.01339992088607595,0.20233306017144054,1.0084295133740229
6db_boosted_AS_064_sit_Mit.wav,-0.0046801763,0.43671504,0.9884949,-0.9885559,0.00592041,0.43674013,0.009659882563694268,0.03572010869139811,-0.17471665878650722
6db_boosted_AS_064_sit_Mit_first_half.wav,0.0016198036,0.44176254,0.9884949,-0.9885559,0.011016846,0.44176552,0.009215535996835443,0.015504191062854437,-0.24972663960113506
6db_boosted_AS_064_sit_Mit_second_half.wav,-0.010980156,0.43151653,0.9884949,-0.9885559,0.0015563965,0.4316562,0.009920144382911392,0.05531374206043656,-0.093480329238389
6db_boosted_AS_064_sit_Pul.wav,0.0035108766,0.320786,0.9884949,-0.9885559,0.0010375977,0.32080522,0.012766844148089172,0.08133064631336293,0.5069147349461312
6db_boosted_AS_064_sit_Pul_first_half.wav,0.0012453423,0.32739782,0.9884949,-0.9885559,0.0049743652,0.32740018,0.012720035601265823,0.023402588695393998,0.2631755568171923
6db_boosted_AS_064_sit_Pul_second_half.wav,0.0057764105,0.31401867,0.9884949,-0.9885559,-0.0029907227,0.3140718,0.012553154667721519,0.14876673427549347,0.7782263218911112
6db_boosted_AS_064_sit_Tri.wav,0.00934235,0.4934765,0.9884949,-0.9885559,0.009460449,0.493565,0.009585240843949044,-0.005975035281074794,-0.615121892930373
6db_boosted_AS_064_sit_Tri_first_half.wav,-0.0044190306,0.49403468,0.9884949,-0.9885559,0.003540039,0.4940544,0.009203174446202531,-0.010854985479668403,-0.6322939129619352
6db_boosted_AS_064_sit_Tri_second_half.wav,0.023103733,0.49253345,0.9884949,-0.9885559,0.013946533,0.493075,0.009777986550632911,-0.0005522682243458132,-0.600872782402063
6db_boosted_AS_064_sup_Aor.wav,0.0006547962,0.080351576,0.9884949,-0.9885559,-0.0006713867,0.08035424,0.013796277866242039,0.21644820923847383,38.57071296655269
6db_boosted_AS_064_sup_Aor_first_half.wav,0.0019421676,0.094066635,0.9884949,-0.9885559,0.0007324219,0.094086684,0.013647151898734177,0.28199116844997957,40.429373775557494
6db_boosted_AS_064_sup_Aor_second_half.wav,-0.00063257525,0.063725226,0.27096558,-0.26434326,-0.002319336,0.06372836,0.01371514042721519,-0.11062499725153989,0.873597491385437
6db_boosted_AS_064_sup_Mit.wav,0.007116478,0.12262131,0.9884949,-0.9885559,0.009918213,0.122827634,0.012247462181528663,-0.18236406987935563,11.157260544673408
6db_boosted_AS_064_sup_Mit_first_half.wav,0.002269516,0.10514691,0.4255371,-0.455719,0.008026123,0.105171405,0.012281200553797469,-0.28392618265581504,1.3336591986541926
6db_boosted_AS_064_sup_Mit_second_half.wav,0.01196344,0.1377284,0.9884949,-0.9885559,0.012237549,0.13824701,0.01199070411392405,-0.17510049025561306,13.313099003521746
6db_boosted_AS_064_sup_Pul.wav,0.015376898,0.40029207,0.9884949,-0.9885559,0.019165039,0.4005873,0.01309029160031847,-0.09077259416180719,-0.13683703516560763
6db_boosted_AS_064_sup_Pul_first_half.wav,0.03881167,0.40240452,0.9884949,-0.9885559,0.03768921,0.40427187,0.013461728639240507,-0.06874840956596683,-0.173887850514038
6db_boosted_AS_064_sup_Pul_second_half.wav,-0.008057878,0.39678672,0.9884949,-0.9885559,-0.0010375977,0.39686853,0.012466623813291139,-0.11974170725918973,-0.11204551470167701
6db_boosted_AS_064_sup_Tri.wav,-0.02383074,0.34380662,0.9884949,-0.9885559,-0.024658203,0.34463152,0.013715416003184714,0.02762997412835077,1.0038916411528138
6db_boosted_AS_064_sup_Tri_first_half.wav,-0.023185385,0.3438494,0.9884949,-0.9885559,-0.03265381,0.3446302,0.013610067246835443,0.14397362090124843,0.8281406408618466
6db_boosted_AS_064_sup_Tri_second_half.wav,-0.024476096,0.3437626,0.9884949,-0.9885559,-0.017242432,0.34463283,0.013554440268987342,-0.08880430847103178,1.1780872740251835
6db_boosted_AS_066_sit_Aor.wav,0.017606938,0.30800313,0.9884949,-0.9885559,0.009674072,0.30850595,0.015161599323248409,-0.23520069585215866,3.6015537616019246
6db_boosted_AS_066_sit_Aor_first_half.wav,0.029118115,0.30391338,0.9884949,-0.9885559,0.020629883,0.30530512,0.014395025712025316,-0.2966056985123252,3.736746851072996
6db_boosted_AS_066_sit_Aor_second_half.wav,0.0060957633,0.31161433,0.9884949,-0.9885559,-0.0012817383,0.31167394,0.015631180775316455,-0.1736718365073094,3.5055663226214984
6db_boosted_AS_066_sit_Mit.wav,0.06365478,0.28377378,0.9884949,-0.9885559,0.06515503,0.29082555,0.00953547969745223,-0.11000332783122085,3.649113649914626
6db_boosted_AS_066_sit_Mit_first_half.wav,0.041497596,0.28656328,0.9884949,-0.9885559,0.04244995,0.28955236,0.0107421875,-0.13936196848359592,3.915281081943345
6db_boosted_AS_066_sit_Mit_second_half.wav,0.08581195,0.27920377,0.9884949,-0.9885559,0.08792114,0.2920932,0.008146261867088608,-0.0675960437926627,3.4127209121202853
6db_boosted_AS_066_sit_Pul.wav,0.07506085,0.20970823,0.9884949,-0.9885559,0.0713501,0.22273678,0.010145053742038217,0.006057200653793638,4.25737269391801
6db_boosted_AS_066_sit_Pul_first_half.wav,0.074020736,0.20205648,0.9884949,-0.9885559,0.072143555,0.21518804,0.009734721123417722,0.07078605043969892,4.375594378391685
6db_boosted_AS_066_sit_Pul_second_half.wav,0.076100975,0.21708548,0.9884949,-0.9885559,0.07070923,0.23003796,0.010408425632911392,-0.04807936758811212,4.10618873145742
6db_boosted_AS_066_sit_Tri.wav,-0.0011213486,0.3338666,0.9884949,-0.9885559,0.0009765625,0.3338685,0.011018983877388535,-0.015558442973119719,2.722308428140521
6db_boosted_AS_066_sit_Tri_first_half.wav,0.00068015594,0.34685338,0.9884949,-0.9885559,0.005218506,0.34685403,0.010859622231012658,-0.05609116867445119,2.4720096168465524
6db_boosted_AS_066_sit_Tri_second_half.wav,-0.002922853,0.3203437,0.9884949,-0.9885559,-0.0026550293,0.320357,0.01095851463607595,0.03306658186652264,2.984046334990678
6db_boosted_AS_066_sup_Aor.wav,0.03371685,0.28058368,0.9884949,-0.9885559,0.04232788,0.28260225,0.013099621815286623,-0.6545563623327294,2.948847075362818
6db_boosted_AS_066_sup_Aor_first_half.wav,0.003803109,0.26922017,0.9884949,-0.9885559,0.013916016,0.269247,0.01331339003164557,-0.7494559177412606,2.843393662677017
6db_boosted_AS_066_sup_Aor_second_half.wav,0.06363059,0.2884185,0.9884949,-0.9885559,0.07116699,0.2953542,0.0126396855221519,-0.6358075108542713,3.110403035622852
6db_boosted_AS_066_sup_Mit.wav,0.009609614,0.19461882,0.9885254,-0.95877075,0.010986328,0.19485591,0.012210141321656051,1.0018593647884526,8.090509125419112
6db_boosted_AS_066_sup_Mit_first_half.wav,0.007224793,0.19322476,0.9885254,-0.95877075,0.009979248,0.19335979,0.012281200553797469,1.0800789121642196,8.277640394349344
6db_boosted_AS_066_sup_Mit_second_half.wav,0.0119944345,0.19597395,0.9885254,-0.91726685,0.011962891,0.19634065,0.011879450158227849,0.9261643803444628,7.919391601590776
6db_boosted_AS_066_sup_Pul.wav,-0.07466368,0.34546724,0.9884949,-0.9885559,-0.07122803,0.35344344,0.010916351512738854,0.23091760997663408,1.4561604371010164
6db_boosted_AS_066_sup_Pul_first_half.wav,-0.094049945,0.34067827,0.9884949,-0.9885559,-0.08642578,0.35342196,0.010618571993670885,0.2171290512613909,1.6197316290588688
6db_boosted_AS_066_sup_Pul_second_half.wav,-0.055277392,0.34911588,0.9884949,-0.9885559,-0.055358887,0.35346496,0.011026503164556962,0.23778722934097632,1.3123516369646504
6db_boosted_AS_066_sup_Tri.wav,-0.010366125,0.21563245,0.9884949,-0.9885559,-0.009552002,0.21588147,0.011078075238853503,0.7114693585537047,7.402995390214366
6db_boosted_AS_066_sup_Tri_first_half.wav,-0.012209393,0.22585435,0.9884949,-0.9885559,-0.009979248,0.22618413,0.011279914952531646,0.5067270277504188,7.04741090112371
6db_boosted_AS_066_sup_Tri_second_half.wav,-0.008522858,0.2048846,0.9884949,-0.8288269,-0.009185791,0.20506181,0.01065565664556962,0.9858479684052136,7.678848525372789
6db_boosted_AS_073_sit_Aor.wav,0.027546363,0.31431216,0.9884949,-0.9885559,0.020996094,0.31551695,0.015970217953821655,-0.021679459821285028,1.526541623049881
6db_boosted_AS_073_sit_Aor_first_half.wav,0.033689816,0.32997933,0.9884949,-0.9885559,0.031097412,0.3316947,0.015625,-0.12151868690069459,1.2906005452589913
6db_boosted_AS_073_sit_Aor_second_half.wav,0.021402908,0.29769522,0.9884949,-0.9885559,0.012145996,0.2984636,0.015921677215189875,0.10030768662215252,1.7892273668799046
6db_boosted_AS_073_sit_Mit.wav,0.0076102098,0.19315496,0.9884949,-0.9885559,0.008148193,0.19330482,0.011681429140127389,0.6195375900832781,8.967030805070339
6db_boosted_AS_073_sit_Mit_first_half.wav,-0.0011521095,0.21712613,0.9884949,-0.9885559,0.002319336,0.21712919,0.01144679588607595,0.4848029177543674,7.524232309999022
6db_boosted_AS_073_sit_Mit_second_half.wav,0.01637253,0.16528872,0.9884949,-0.8083191,0.014404297,0.16609763,0.01171875,0.9938197644414699,10.272820154462547
6db_boosted_AS_073_sit_Pul.wav,0.01573861,0.31665644,0.9884949,-0.9885559,0.020812988,0.31704733,0.016651323646496817,-0.03509887094247182,1.8128383498314866
6db_boosted_AS_073_sit_Pul_first_half.wav,-0.008739917,0.32803917,0.9884949,-0.9885559,-0.009307861,0.3281556,0.017052759098101267,0.010748000428327268,1.5168494335186793
6db_boosted_AS_073_sit_Pul_second_half.wav,0.040217146,0.30287704,0.9884949,-0.9885559,0.04373169,0.30553547,0.015964942642405063,-0.051918022806899514,2.221054865797327
6db_boosted_AS_073_sit_Tri.wav,-0.004589099,0.2575637,0.9884949,-0.9885559,-0.004486084,0.2576046,0.015587679140127389,0.07835798795284649,3.815432781614339
6db_boosted_AS_073_sit_Tri_first_half.wav,-0.003306791,0.2580124,0.9884949,-0.9885559,-0.003753662,0.2580336,0.015643542325949368,0.1281271515781083,3.848924549523285
6db_boosted_AS_073_sit_Tri_second_half.wav,-0.005871407,0.25710788,0.9884949,-0.9885559,-0.0051574707,0.25717488,0.0151923457278481,0.02796171057221846,3.7796531919504552
6db_boosted_AS_073_sup_Aor.wav,-0.04250234,0.35401696,0.9884949,-0.9885559,-0.04598999,0.35655916,0.013961111664012739,-0.027328929784655013,0.5215534834402753
6db_boosted_AS_073_sup_Aor_first_half.wav,-0.04719309,0.34649652,0.9884949,-0.9885559,-0.05303955,0.34969562,0.013437005537974684,0.009935546588095171,0.6246652282517458
6db_boosted_AS_073_sup_Aor_second_half.wav,-0.037811592,0.36132002,0.9884949,-0.9885559,-0.037841797,0.3632931,0.014234325553797469,-0.06330248919967738,0.42705645456829266
6db_boosted_AS_073_sup_Mit.wav,-0.00023348999,0.21824199,0.9884949,-0.9885559,0.0006713867,0.21824211,0.014262788614649682,0.1381103644376611,4.050131493393599
6db_boosted_AS_073_sup_Mit_first_half.wav,0.0023626953,0.22454591,0.9884949,-0.9885559,0.0027770996,0.22455835,0.014438291139240507,0.13889274549292832,4.265690006045914
6db_boosted_AS_073_sup_Mit_second_half.wav,-0.0028296753,0.2117186,0.9884949,-0.9885559,-0.0015869141,0.21173751,0.01380167128164557,0.13225719446535458,3.7234032605815726
6db_boosted_AS_073_sup_Pul.wav,-0.03518327,0.31681055,0.9884949,-0.9885559,-0.029022217,0.3187582,0.015139828821656051,0.06399435767195959,1.4628362622101774
6db_boosted_AS_073_sup_Pul_first_half.wav,-0.005108912,0.30461544,0.9884949,-0.9885559,-0.0028076172,0.3046583,0.014988380142405063,0.13351710267050707,1.2850546663390254
6db_boosted_AS_073_sup_Pul_second_half.wav,-0.06525763,0.32578877,0.9884949,-0.9885559,-0.052581787,0.33226025,0.014976018591772151,0.043383115695531445,1.5863753835501884
6db_boosted_AS_073_sup_Tri.wav,-0.021608368,0.21362223,0.9884949,-0.9885559,-0.019226074,0.2147123,0.014775950437898089,0.33703773424612876,6.695504396801255
6db_boosted_AS_073_sup_Tri_first_half.wav,-0.03253689,0.21646674,0.9884949,-0.9885559,-0.031219482,0.21889839,0.014877126186708861,0.34900077712521044,6.881904596547232
6db_boosted_AS_073_sup_Tri_second_half.wav,-0.010679845,0.2101718,0.9884949,-0.9885559,-0.0064697266,0.21044298,0.014351760284810127,0.33599881819493727,6.551999207565741
noise_added_6db_boosted_AS_005_sit_Aor.wav,0.013254174,0.23387326,0.99313354,-0.992218,0.013092041,0.23424855,0.0022516449753480277,-0.0233004130468027,2.3390098251453884
noise_added_6db_boosted_AS_005_sit_Aor_first_half.wav,0.01670064,0.22475938,0.9904785,-0.9906311,0.016448975,0.22537902,0.0022748694895591646,0.015301404282448689,1.7597552470033104
noise_added_6db_boosted_AS_005_sit_Aor_second_half.wav,0.009808914,0.24259694,0.993042,-0.9920654,0.0093688965,0.24279515,0.0022431482018561485,-0.047899168495797194,2.7105249442685144
noise_added_6db_boosted_AS_005_sit_Mit.wav,-0.048416823,0.24944161,0.994751,-0.99142456,-0.054138184,0.25409704,0.0021241933729698377,0.3554209927345365,2.0228349624673365
noise_added_6db_boosted_AS_005_sit_Mit_first_half.wav,-0.03495281,0.26600686,0.9942322,-0.99121094,-0.039916992,0.2682934,0.0022782681989559164,0.3259586779031194,1.6621436120989
noise_added_6db_boosted_AS_005_sit_Mit_second_half.wav,-0.06187985,0.23090968,0.9948425,-0.95599365,-0.067108154,0.23905729,0.0020278966067285385,0.3405285313540064,2.384600264264236
noise_added_6db_boosted_AS_005_sit_Pul.wav,-0.04138253,0.29952228,0.9939575,-0.9997864,-0.03817749,0.30236748,0.0025303391458816704,0.04098419570561918,1.351240142359405
noise_added_6db_boosted_AS_005_sit_Pul_first_half.wav,-0.04220877,0.2719752,0.9898071,-0.9925842,-0.037979126,0.27523097,0.0026475946200696055,-0.027560344761505075,1.441583083903211
noise_added_6db_boosted_AS_005_sit_Pul_second_half.wav,-0.040557034,0.3247397,0.99432373,-0.9996033,-0.038391113,0.32726246,0.002430077218677494,0.07820331596177146,1.1118873550247121
noise_added_6db_boosted_AS_005_sit_Tri.wav,0.0014764128,0.2221604,0.99349976,-0.99435425,0.00592041,0.2221653,0.0025960475275522044,0.15813425677318152,7.06848904096937
noise_added_6db_boosted_AS_005_sit_Tri_first_half.wav,-0.010299827,0.23295471,0.99365234,-0.9923706,-0.0028381348,0.23318231,0.0025343043068445474,0.17653486319238054,5.880829740416923
noise_added_6db_boosted_AS_005_sit_Tri_second_half.wav,0.01325316,0.21015552,0.99365234,-0.99468994,0.012664795,0.210573,0.0026691197795823667,0.17168962761005924,8.712754428296025
noise_added_6db_boosted_AS_005_sup_Aor.wav,-0.007942292,0.30671203,0.9928894,-0.99227905,-0.0051574707,0.30681488,0.0023485081931554526,-0.05518473828328877,0.9436476413047172
noise_added_6db_boosted_AS_005_sup_Aor_first_half.wav,-0.009293452,0.2976344,0.9928894,-0.9918213,-0.0113220215,0.29777944,0.0024617985063805103,-0.03899675839680827,0.7652950198300759
noise_added_6db_boosted_AS_005_sup_Aor_second_half.wav,-0.006591239,0.31552237,0.99298096,-0.9924927,0.001159668,0.3155912,0.0022782681989559164,-0.07007921735304277,1.0615948365577879
noise_added_6db_boosted_AS_005_sup_Mit.wav,0.027366973,0.29070318,0.9985962,-0.99884033,0.022888184,0.29198852,0.0023994888341067285,-0.09236339272896021,1.4211161330469126
noise_added_6db_boosted_AS_005_sup_Mit_first_half.wav,0.030400388,0.3006968,0.99832153,-0.99853516,0.024291992,0.3022296,0.0024312101218097446,-0.10279486212940997,1.1852986345906533
noise_added_6db_boosted_AS_005_sup_Mit_second_half.wav,0.024334585,0.28032014,0.9911499,-0.9955139,0.02178955,0.2813744,0.0023802294808584687,-0.08404058216373007,1.6856871775898261
noise_added_6db_boosted_AS_005_sup_Pul.wav,-0.019847289,0.12557371,0.99212646,-0.9977112,-0.020324707,0.12713249,0.0027529546113689097,-0.1357368750860661,3.4083615074244262
noise_added_6db_boosted_AS_005_sup_Pul_first_half.wav,-0.013679273,0.13637607,0.9923401,-0.99786377,-0.011291504,0.1370604,0.00281299847737819,-0.15538474234238614,4.052763049910289
noise_added_6db_boosted_AS_005_sup_Pul_second_half.wav,-0.02601458,0.11341535,0.48651123,-0.5407715,-0.027893066,0.11636066,0.0027099042923433873,-0.1709947183263756,1.494923750906663
noise_added_6db_boosted_AS_005_sup_Tri.wav,0.008553148,0.25050923,0.99279785,-0.9944763,0.0057373047,0.2506552,0.002485023020591647,0.16994767021778148,4.344951060792642
noise_added_6db_boosted_AS_005_sup_Tri_first_half.wav,-0.0073425625,0.24223237,0.9927368,-0.9937439,-0.011566162,0.24234363,0.0025263739849187934,0.23566999659207133,4.676504863947012
noise_added_6db_boosted_AS_005_sup_Tri_second_half.wav,0.024450283,0.25754252,0.9923096,-0.99450684,0.02456665,0.25870055,0.00244140625,0.09537345172761061,4.123985859006041
noise_added_6db_boosted_AS_015_sit_Aor.wav,0.012986511,0.24504745,0.99264526,-0.99542236,0.01727295,0.24539131,0.003129078451276102,-0.4197944037281293,4.211206509383716
noise_added_6db_boosted_AS_015_sit_Aor_first_half.wav,0.007964659,0.2511455,0.993103,-0.9949341,0.008605957,0.2512718,0.0032469003770301623,-0.32521337826591246,3.7188211819256685
noise_added_6db_boosted_AS_015_sit_Aor_second_half.wav,0.018008942,0.238688,0.9916992,-0.9945984,0.025177002,0.23936641,0.003048642328886311,-0.5229401334439107,4.793224927119262
noise_added_6db_boosted_AS_015_sit_Mit.wav,0.0036138075,0.19113934,0.9960327,-0.99450684,0.0044555664,0.19117348,0.002829992024361949,0.1980769299632763,7.488327172013015
noise_added_6db_boosted_AS_015_sit_Mit_first_half.wav,0.0064654183,0.21637608,0.9962158,-0.9942322,0.009033203,0.21647266,0.0029659404002320188,0.020584530370887307,5.91711359452796
noise_added_6db_boosted_AS_015_sit_Mit_second_half.wav,0.00076330913,0.16196679,0.99298096,-0.94363403,0.0014343262,0.16196859,0.0027155688080046404,0.5605033376175795,9.312558011559528
noise_added_6db_boosted_AS_015_sit_Pul.wav,0.0063071596,0.23415901,0.99334717,-0.9942932,0.0067749023,0.23424393,0.0028719094402552205,0.014968630411968765,7.438065486687167
noise_added_6db_boosted_AS_015_sit_Pul_first_half.wav,0.006184549,0.23303398,0.9931946,-0.99398804,0.0041503906,0.23311605,0.002888902987238979,0.01517766094479552,7.631096657510465
noise_added_6db_boosted_AS_015_sit_Pul_second_half.wav,0.006429827,0.23527782,0.99298096,-0.9946594,0.009521484,0.23536566,0.0026634552639211136,0.014666863728241398,7.250444849324051
noise_added_6db_boosted_AS_015_sit_Tri.wav,0.003235445,0.17992815,0.99664307,-0.99053955,0.0031738281,0.17995724,0.002902497824825986,0.7238751649895132,9.796440619469525
noise_added_6db_boosted_AS_015_sit_Tri_first_half.wav,0.009470403,0.18677045,0.9917908,-0.98883057,0.008392334,0.1870104,0.0029364849187935036,0.5895008003199294,7.958876932894121
noise_added_6db_boosted_AS_015_sit_Tri_second_half.wav,-0.002998313,0.17259079,0.99728394,-0.9902954,-0.0021362305,0.17261682,0.0029036307279582366,0.8748096216994306,12.203462335581994
noise_added_6db_boosted_AS_015_sup_Aor.wav,0.00093615946,0.28104502,0.99716187,-0.998291,-0.00012207031,0.28104657,0.0032723906975058005,-0.19350506849822796,2.9465831940367435
noise_added_6db_boosted_AS_015_sup_Aor_first_half.wav,-0.00025739564,0.2756695,0.9913025,-0.9958801,-0.0011291504,0.2756696,0.003550518416473318,-0.18634280865935265,3.044837222803298
noise_added_6db_boosted_AS_015_sup_Aor_second_half.wav,0.0021304165,0.2863154,0.9972229,-0.99816895,0.0012817383,0.28632337,0.00310528748549884,-0.20062523151098283,2.8471010401213155
noise_added_6db_boosted_AS_015_sup_Mit.wav,-0.001989096,0.21537188,0.9966736,-0.99902344,-0.00680542,0.21538104,0.002685546875,0.1969905914277926,6.42436386318523
noise_added_6db_boosted_AS_015_sup_Mit_first_half.wav,0.0124799935,0.22570391,0.99645996,-0.9966736,0.0059509277,0.2260487,0.002568291400812065,0.10498452883936885,5.272856717450955
noise_added_6db_boosted_AS_015_sup_Mit_second_half.wav,-0.016456882,0.20349109,0.9962158,-0.999115,-0.017425537,0.20415543,0.0028798397621809745,0.2747437589487727,8.10008203098649
noise_added_6db_boosted_AS_015_sup_Pul.wav,0.020855771,0.31022063,0.9980774,-0.99658203,0.020568848,0.3109209,0.003134742966937355,-0.16076310178831954,2.1843166055326098
noise_added_6db_boosted_AS_015_sup_Pul_first_half.wav,0.027628884,0.30360705,0.9968262,-1.0,0.027923584,0.3048616,0.003025984266241299,-0.1751127471800605,1.9063050596207907
noise_added_6db_boosted_AS_015_sup_Pul_second_half.wav,0.01409623,0.31651947,0.99801636,-1.0,0.013671875,0.3168332,0.003321671983758701,-0.14242518796907216,2.4072508294985413
noise_added_6db_boosted_AS_015_sup_Tri.wav,-0.001058148,0.1930497,0.99905396,-0.9958496,-0.005706787,0.1930526,0.003282586825696056,-0.10788088952197888,7.402713562779924
noise_added_6db_boosted_AS_015_sup_Tri_first_half.wav,0.003939651,0.22484614,0.99884033,-0.9954529,-0.00061035156,0.22488064,0.0029557442720417634,-0.11168349945730152,6.023645547239967
noise_added_6db_boosted_AS_015_sup_Tri_second_half.wav,-0.006055246,0.15469421,0.9892578,-0.9881592,-0.008331299,0.15481266,0.0034712151972157773,-0.18425838679838863,7.187289329191113
noise_added_6db_boosted_AS_054_sit_Aor.wav,0.00045085105,0.23607457,0.9960022,-0.99505615,0.0021972656,0.236075,0.0031103855495939674,-0.16763403862792306,5.639352294846159
noise_added_6db_boosted_AS_054_sit_Aor_first_half.wav,-0.0069794636,0.2513535,0.9963684,-0.99438477,-0.005706787,0.2514504,0.0030633700696055684,-0.12496103426769699,4.916133032726779
noise_added_6db_boosted_AS_054_sit_Aor_second_half.wav,0.0078827515,0.2194833,0.99450684,-0.99450684,0.009643555,0.21962483,0.003053173941415313,-0.197899857168717,6.495629057767269
noise_added_6db_boosted_AS_054_sit_Mit.wav,-0.0025762455,0.17114896,0.9971924,-0.99295044,0.00021362305,0.17116833,0.0029302539515661252,-0.16738105399421033,8.508045744076632
noise_added_6db_boosted_AS_054_sit_Mit_first_half.wav,0.0063329656,0.17359601,0.9972534,-0.99282837,0.010528564,0.17371148,0.002762017836426914,-0.16353564412403604,8.118347085126963
noise_added_6db_boosted_AS_054_sit_Mit_second_half.wav,-0.011487011,0.16819699,0.99191284,-0.9923096,-0.007659912,0.16858879,0.0030916926479118327,-0.18319323225117085,9.024171146561095
noise_added_6db_boosted_AS_054_sit_Pul.wav,0.0041128066,0.21585992,0.99490356,-0.9954529,0.0033569336,0.21589911,0.002912127501450116,0.22482081740621984,7.365160481100622
noise_added_6db_boosted_AS_054_sit_Pul_first_half.wav,0.005138789,0.20186882,0.9937439,-0.9951782,0.0046081543,0.20193422,0.0029670733033642692,0.3877556705156703,7.188882968246929
noise_added_6db_boosted_AS_054_sit_Pul_second_half.wav,0.0030872468,0.22899316,0.99505615,-0.9953308,0.002105713,0.22901398,0.0030112565255220416,0.11394029154042677,7.211977194807661
noise_added_6db_boosted_AS_054_sit_Tri.wav,0.00396293,0.16300754,0.9951172,-0.9942322,0.0027160645,0.1630557,0.002943282337587007,-0.5997486469170639,17.418444888613212
noise_added_6db_boosted_AS_054_sit_Tri_first_half.wav,0.006808536,0.1674573,0.99542236,-0.993042,0.005706787,0.16759564,0.002670252682714617,-0.6416808543841406,16.53982132703925
noise_added_6db_boosted_AS_054_sit_Tri_second_half.wav,0.0011181149,0.15838148,0.99160767,-0.9940796,0.000579834,0.15838544,0.0030826294228538283,-0.5556002840656359,18.41335075124061
noise_added_6db_boosted_AS_054_sup_Aor.wav,0.00632522,0.110416315,0.9940491,-0.99542236,0.006439209,0.110597335,0.00291042814675174,0.07930056823755201,14.928542540582203
noise_added_6db_boosted_AS_054_sup_Aor_first_half.wav,0.008727068,0.086125046,0.5694885,-0.6145935,0.007385254,0.08656607,0.0030577055539443157,0.27123893758103923,7.316154177917955
noise_added_6db_boosted_AS_054_sup_Aor_second_half.wav,0.00392341,0.13020979,0.99368286,-0.995636,0.005126953,0.13026887,0.00265665784512761,0.04949908197642102,13.561176577560587
noise_added_6db_boosted_AS_054_sup_Mit.wav,-0.009261858,0.19212066,0.9990845,-0.99523926,-0.010986328,0.1923438,0.002798270736658933,0.24394694297742772,7.450225690066198
noise_added_6db_boosted_AS_054_sup_Mit_first_half.wav,-0.0133351395,0.21949649,0.99923706,-0.99557495,-0.013763428,0.2199012,0.0028753081496519723,0.08612821853674629,5.771639949213181
noise_added_6db_boosted_AS_054_sup_Mit_second_half.wav,-0.005187758,0.16002837,0.9924927,-0.96817017,-0.008911133,0.16011241,0.0026849804234338748,0.6892231614450217,9.313665290866348
noise_added_6db_boosted_AS_054_sup_Pul.wav,0.0042635724,0.20540303,0.9953003,-0.9930725,0.004638672,0.20544727,0.0027489894504060326,0.36641207459203456,7.420303226665636
noise_added_6db_boosted_AS_054_sup_Pul_first_half.wav,0.000891929,0.18921222,0.9951782,-0.9894409,0.0015258789,0.18921433,0.0026872462296983757,0.6473482116700434,7.56185191695695
noise_added_6db_boosted_AS_054_sup_Pul_second_half.wav,0.007635999,0.22035591,0.9944153,-0.99279785,0.00793457,0.22048816,0.0028401881525522044,0.1716095283708696,7.0043802542868665
noise_added_6db_boosted_AS_054_sup_Tri.wav,-0.003569643,0.18248366,0.99420166,-0.9951477,-0.0043640137,0.18251857,0.003706292597157773,0.0972604933332122,16.022135887566098
noise_added_6db_boosted_AS_054_sup_Tri_first_half.wav,-0.0036659464,0.18366116,0.99435425,-0.9949341,-0.0040893555,0.18369775,0.0037725674303944316,0.12877497073643085,15.64230596707906
noise_added_6db_boosted_AS_054_sup_Tri_second_half.wav,-0.0034726812,0.18129858,0.9930725,-0.9930115,-0.0046691895,0.18133183,0.0034791455191415313,0.06457757427461228,16.415498400516764
noise_added_6db_boosted_AS_056_sit_Aor.wav,-0.0008722689,0.19838679,0.990448,-0.9949646,0.0011901855,0.19838871,0.002957443626740139,0.07249095765115922,3.903177208601708
noise_added_6db_boosted_AS_056_sit_Aor_first_half.wav,-0.0019210797,0.21855296,0.9904175,-0.99472046,0.00076293945,0.21856143,0.0031494707076566127,0.08484707730696307,3.5315953715600426
noise_added_6db_boosted_AS_056_sit_Aor_second_half.wav,0.00017556008,0.17591885,0.8591919,-0.9898071,0.001663208,0.17591894,0.0028231946055684454,0.054946665006215575,3.772362303408271
noise_added_6db_boosted_AS_056_sit_Mit.wav,-0.0025993264,0.22073665,0.9940796,-0.99346924,0.00045776367,0.22075196,0.0025088139863689097,-0.043843301233730037,4.557808046925323
noise_added_6db_boosted_AS_056_sit_Mit_first_half.wav,-0.0038044704,0.22034249,0.993927,-0.9934082,-0.0028381348,0.22037534,0.0024028875435034803,-0.15891102171588395,4.719740287892859
noise_added_6db_boosted_AS_056_sit_Mit_second_half.wav,-0.001393862,0.22112434,0.9932556,-0.99194336,0.004211426,0.22112873,0.002645328813805104,0.06989635913185499,4.393549372609248
noise_added_6db_boosted_AS_056_sit_Pul.wav,0.0046406,0.23092501,0.99380493,-0.99438477,0.012939453,0.2309716,0.003021452653712297,-0.3744391351262036,4.160222656728677
noise_added_6db_boosted_AS_056_sit_Pul_first_half.wav,0.004882929,0.23181944,0.99401855,-0.9942627,0.012573242,0.23187086,0.0029919971722737818,-0.38862031543475545,4.4727576623728424
noise_added_6db_boosted_AS_056_sit_Pul_second_half.wav,0.004399626,0.23002711,0.9921875,-0.9921875,0.013305664,0.23006918,0.002981801044083527,-0.3599523206727424,3.8371523449711535
noise_added_6db_boosted_AS_056_sit_Tri.wav,-0.00081109686,0.256357,0.9999695,-0.9940796,0.0022888184,0.25635827,0.0023915585121809745,-0.04053271555528711,5.9451234311539345
noise_added_6db_boosted_AS_056_sit_Tri_first_half.wav,-0.0024119513,0.26522687,0.993927,-0.99383545,0.0035095215,0.26523784,0.002389292705916473,-0.08252896854590429,5.579717723715348
noise_added_6db_boosted_AS_056_sit_Tri_second_half.wav,0.0007901711,0.2471586,0.9999695,-0.9936218,0.0009765625,0.24715984,0.002292995939675174,0.014508985282946491,6.325028495469969
noise_added_6db_boosted_AS_056_sup_Aor.wav,0.048955295,0.34909466,0.9986572,-0.99710083,0.042510986,0.3525106,0.002652692684164733,0.025055487913568396,0.7926228671656217
noise_added_6db_boosted_AS_056_sup_Aor_first_half.wav,0.072142966,0.33746698,0.99835205,-0.9930725,0.07305908,0.34509212,0.0026827146171693734,-0.07251815917206866,0.8835796311977702
noise_added_6db_boosted_AS_056_sup_Aor_second_half.wav,0.025768934,0.35885274,0.9934082,-0.99697876,0.013427734,0.35977674,0.002584152044663573,0.12886159826865537,0.7576218262873868
noise_added_6db_boosted_AS_056_sup_Mit.wav,-0.073543675,0.32319477,0.9955139,-0.9977417,-0.07473755,0.3314567,0.002448770120359629,0.1850178055229929,2.011151868282062
noise_added_6db_boosted_AS_056_sup_Mit_first_half.wav,-0.07996843,0.33160123,0.9951782,-0.9933777,-0.074920654,0.3411075,0.0025433675319025523,0.18870545894008459,1.7551967693316168
noise_added_6db_boosted_AS_056_sup_Mit_second_half.wav,-0.06711859,0.31443232,0.995636,-0.99713135,-0.07455444,0.32151613,0.002322451421113689,0.18736141713223317,2.302584863053273
noise_added_6db_boosted_AS_056_sup_Pul.wav,-0.043460276,0.28319716,0.997406,-0.9945679,-0.05029297,0.28651255,0.0025592281757540604,0.414956629051717,2.7925914459281014
noise_added_6db_boosted_AS_056_sup_Pul_first_half.wav,-0.06035212,0.30742037,0.99694824,-0.9947815,-0.072052,0.31328845,0.002457266893851508,0.4618255316529022,2.258129954294648
noise_added_6db_boosted_AS_056_sup_Pul_second_half.wav,-0.026563669,0.2555796,0.9949646,-0.9930115,-0.032562256,0.2569563,0.0026725184889791185,0.4139829122705733,3.4965142746002984
noise_added_6db_boosted_AS_056_sup_Tri.wav,-0.036799464,0.29066938,0.9941406,-0.99557495,-0.038146973,0.29298955,0.0025008836644431556,0.1805162304911861,2.7814393207118515
noise_added_6db_boosted_AS_056_sup_Tri_first_half.wav,-0.03081868,0.29379296,0.99438477,-0.994751,-0.02659607,0.29540494,0.0026441959106728538,0.09425854940621682,2.6327994349800807
noise_added_6db_boosted_AS_056_sup_Tri_second_half.wav,-0.04277761,0.28738806,0.9924011,-0.99560547,-0.048919678,0.2905543,0.0023722991589327147,0.27000026450919773,2.9568476513626125
noise_added_6db_boosted_AS_060_sit_Aor.wav,-0.028551156,0.4009488,0.99801636,-0.9969177,-0.027008057,0.40196413,0.002633433330916473,-0.09281311056875739,0.6554111120496682
noise_added_6db_boosted_AS_060_sit_Aor_first_half.wav,0.019696793,0.40725967,0.9977722,-0.99694824,0.030303955,0.40773574,0.0026985752610208815,-0.2170736861135939,0.6896344925942683
noise_added_6db_boosted_AS_060_sit_Aor_second_half.wav,-0.07679914,0.38859126,0.99716187,-0.9971924,-0.07788086,0.39610764,0.0025229752755220416,0.009336091044705895,0.7688488548835442
noise_added_6db_boosted_AS_060_sit_Mit.wav,-0.035015695,0.39127886,0.9944458,-1.0,-0.020507812,0.39284253,0.0025150449535962876,-0.13517902220464398,0.1046566281238066
noise_added_6db_boosted_AS_060_sit_Mit_first_half.wav,0.023856424,0.39307317,0.99435425,-0.9951477,0.035491943,0.39379647,0.0026102088167053363,-0.19298290921386102,0.23301428542249347
noise_added_6db_boosted_AS_060_sit_Mit_second_half.wav,-0.09388747,0.38047075,0.99020386,-1.0,-0.07980347,0.3918837,0.002397223027842227,-0.11255130259875783,0.02624413837591577
noise_added_6db_boosted_AS_060_sit_Pul.wav,0.0126049165,0.35926116,0.99591064,-0.9947815,0.0101623535,0.3594822,0.0024623649579466355,0.04412532398934968,0.8400535885448819
noise_added_6db_boosted_AS_060_sit_Pul_first_half.wav,0.012267894,0.37130606,0.9963379,-0.99386597,0.0101623535,0.3715087,0.002376830771461717,0.050284413441548645,0.6027674319343501
noise_added_6db_boosted_AS_060_sit_Pul_second_half.wav,0.012940016,0.34679598,0.99276733,-0.99453735,0.0101623535,0.34703732,0.0025365701131090487,0.03684168644274731,1.1108808737520999
noise_added_6db_boosted_AS_060_sit_Tri.wav,0.053070918,0.2441022,0.9924927,-0.9923401,0.0670166,0.24980472,0.0019950424158932715,-0.30256677045662483,3.8201097874489145
noise_added_6db_boosted_AS_060_sit_Tri_first_half.wav,0.0441782,0.2893423,0.99227905,-0.99243164,0.06802368,0.29269555,0.0019383972592807424,-0.3129766599978135,2.6205303615426256
noise_added_6db_boosted_AS_060_sit_Tri_second_half.wav,0.06196409,0.1878704,0.9890137,-0.86624146,0.066345215,0.19782525,0.002009770156612529,0.010824391901473593,3.9897632069025537
noise_added_6db_boosted_AS_060_sup_Aor.wav,0.01612973,0.22518796,0.99020386,-0.9988098,0.027557373,0.2257649,0.0026300346215197214,-0.16293313838699747,2.2424087672645108
noise_added_6db_boosted_AS_060_sup_Aor_first_half.wav,-0.0002443997,0.24218002,0.98968506,-0.99835205,0.011657715,0.24218017,0.0026849804234338748,-0.2411228181346306,2.159991981448991
noise_added_6db_boosted_AS_060_sup_Aor_second_half.wav,0.03250226,0.20550492,0.9899292,-0.8038635,0.043945312,0.20805931,0.002566025594547564,0.05880160181621053,1.9289891977213687
noise_added_6db_boosted_AS_060_sup_Mit.wav,0.022822764,0.26744813,0.9923706,-0.99386597,0.017822266,0.26842013,0.0024906875362529003,-0.07951116601200063,2.9234718381455407
noise_added_6db_boosted_AS_060_sup_Mit_first_half.wav,0.014816508,0.2738597,0.99072266,-0.9924927,0.013031006,0.27426025,0.0024516023781902554,-0.11271795572050997,2.5556068822260585
noise_added_6db_boosted_AS_060_sup_Mit_second_half.wav,0.030833824,0.26062912,0.9924011,-0.9938965,0.021850586,0.26244667,0.0024074191560324826,-0.03147837484110662,3.339656423923323
noise_added_6db_boosted_AS_060_sup_Pul.wav,0.0067874035,0.12647319,0.9930725,-0.7510681,0.0093688965,0.12665519,0.0028973997607308587,0.05854613731937112,4.876392626894268
noise_added_6db_boosted_AS_060_sup_Pul_first_half.wav,0.0043371716,0.14480563,0.993042,-0.7510376,0.009796143,0.14487056,0.0027472900957076565,0.13309823408408705,4.952238125723049
noise_added_6db_boosted_AS_060_sup_Pul_second_half.wav,0.009237668,0.10493059,0.47781372,-0.49902344,0.008972168,0.10533643,0.002954611368909513,-0.08153634564818647,1.4339236568126577
noise_added_6db_boosted_AS_060_sup_Tri.wav,-0.022180133,0.3038455,0.9926758,-0.9948425,-0.024383545,0.30465397,0.00260737655887471,-0.08414384442910375,2.0975272805477
noise_added_6db_boosted_AS_060_sup_Tri_first_half.wav,-0.007485263,0.30238128,0.9927063,-0.99472046,-0.0115356445,0.3024739,0.0025694243039443157,-0.04441578689032003,2.276442740057365
noise_added_6db_boosted_AS_060_sup_Tri_second_half.wav,-0.03687471,0.30459395,0.9920654,-0.99468994,-0.037261963,0.30681792,0.00255809527262181,-0.12152284747793649,1.92758910949334
noise_added_6db_boosted_AS_064_sit_Aor.wav,-0.023422845,0.3096267,0.9968872,-0.9936218,-0.032348633,0.31051138,0.0025824526899651972,0.09689940026451835,0.8206191274590173
noise_added_6db_boosted_AS_064_sit_Aor_first_half.wav,-0.013335591,0.33839336,0.9938965,-0.99398804,-0.017242432,0.33865604,0.0026339997824825984,0.0075690523363159115,0.545717142504949
noise_added_6db_boosted_AS_064_sit_Aor_second_half.wav,-0.03350803,0.27753055,0.9968262,-0.98968506,-0.04324341,0.27954605,0.0025592281757540604,0.2023460243307953,1.0085921012984818
noise_added_6db_boosted_AS_064_sit_Mit.wav,-0.004695499,0.43671516,0.9936218,-0.99282837,0.0059509277,0.43674043,0.001814344366299304,0.03571952589651434,-0.1747228216528729
noise_added_6db_boosted_AS_064_sit_Mit_first_half.wav,0.0016047263,0.44176304,0.9932251,-0.99279785,0.01109314,0.44176596,0.0017843224332946635,0.015506631862039832,-0.24972104605512335
noise_added_6db_boosted_AS_064_sit_Mit_second_half.wav,-0.010997301,0.43151563,0.99334717,-0.992218,0.001953125,0.43165576,0.0018421004930394432,0.0553254528769073,-0.09345954202976303
noise_added_6db_boosted_AS_064_sit_Pul.wav,0.003495081,0.32078582,0.99487305,-0.9917908,0.00088500977,0.3208049,0.002401188188805104,0.0813298565999535,0.5069063254301867
noise_added_6db_boosted_AS_064_sit_Pul_first_half.wav,0.0012304953,0.32739812,0.9901123,-0.9904785,0.0050354004,0.32740042,0.0024867223752900233,0.023404646557280653,0.2631695330198536
noise_added_6db_boosted_AS_064_sit_Pul_second_half.wav,0.005757915,0.31401768,0.99505615,-0.9916687,-0.0030822754,0.31407043,0.0023598372244779584,0.14878596952458567,0.7783016794222468
noise_added_6db_boosted_AS_064_sit_Tri.wav,0.009327715,0.49347657,0.99331665,-0.99334717,0.009460449,0.49356472,0.0017741263051044083,-0.005978296797169321,-0.6151197937832995
noise_added_6db_boosted_AS_064_sit_Tri_first_half.wav,-0.0044343374,0.49403432,0.9913635,-0.9928589,0.0033874512,0.49405423,0.001748069533062645,-0.010850721685467996,-0.6322927276406727
noise_added_6db_boosted_AS_064_sit_Tri_second_half.wav,0.023091724,0.4925322,0.99328613,-0.9921875,0.014007568,0.4930732,0.0018058475928074246,-0.0005764519892728757,-0.6008453222010846
noise_added_6db_boosted_AS_064_sup_Aor.wav,0.0006395738,0.08035159,0.99212646,-0.9958191,-0.0006713867,0.080354124,0.0031925210266821346,0.2164963666303488,38.57092036782637
noise_added_6db_boosted_AS_064_sup_Aor_first_half.wav,0.0019264327,0.094066955,0.9921875,-0.995697,0.0007324219,0.094086684,0.0033556590777262182,0.2821003039026574,40.42888065449051
noise_added_6db_boosted_AS_064_sup_Aor_second_half.wav,-0.00064685446,0.06372451,0.27139282,-0.26474,-0.0022583008,0.06372779,0.00294894685324826,-0.11062706089495827,0.8737892661214857
noise_added_6db_boosted_AS_064_sup_Mit.wav,0.0071013556,0.122621894,0.9953613,-0.99334717,0.009887695,0.12282736,0.002574522368039443,-0.18227102921320362,11.157075635429608
noise_added_6db_boosted_AS_064_sup_Mit_first_half.wav,0.0022546402,0.10514666,0.4256897,-0.45611572,0.0079956055,0.10517083,0.002716701711136891,-0.2839500981587699,1.333638654394698
noise_added_6db_boosted_AS_064_sup_Mit_second_half.wav,0.011947173,0.13772796,0.9954834,-0.9940796,0.012145996,0.13824517,0.0024266785092807424,-0.17510468078044464,13.313261334557549
noise_added_6db_boosted_AS_064_sup_Pul.wav,0.015361544,0.40029174,0.99316406,-0.99276733,0.019302368,0.40058637,0.002418181735788863,-0.09077198177424452,-0.13684655438126336
noise_added_6db_boosted_AS_064_sup_Pul_first_half.wav,0.03879534,0.40240383,0.99313354,-0.9926758,0.03756714,0.40426958,0.0025025830191415313,-0.0687336985352918,-0.1738726317222965
noise_added_6db_boosted_AS_064_sup_Pul_second_half.wav,-0.008066561,0.39678228,0.9916382,-0.99209595,-0.0011291504,0.39686427,0.0022952617459396753,-0.11976378880477667,-0.11191439180774854
noise_added_6db_boosted_AS_064_sup_Tri.wav,-0.023846269,0.34380674,0.9942322,-0.9939575,-0.024749756,0.3446327,0.0026028449463457075,0.02762956153333986,1.0038820895480924
noise_added_6db_boosted_AS_064_sup_Tri_first_half.wav,-0.023201771,0.3438493,0.9938965,-0.9916382,-0.032562256,0.34463117,0.0026079430104408354,0.14397666636526313,0.828146265061541
noise_added_6db_boosted_AS_064_sup_Tri_second_half.wav,-0.024486294,0.3437601,0.9937134,-0.9942322,-0.017211914,0.34463108,0.0024969185034802786,-0.0888313069782905,1.1781796323963647
noise_added_6db_boosted_AS_066_sit_Aor.wav,0.017591605,0.308003,0.99575806,-0.9981384,0.009552002,0.30850497,0.00290079847012761,-0.23519959819185365,3.6015001790032217
noise_added_6db_boosted_AS_066_sit_Aor_first_half.wav,0.02910311,0.3039137,0.99539185,-0.9985657,0.020553589,0.305304,0.002886637180974478,-0.29660917806589554,3.736717719639633
noise_added_6db_boosted_AS_066_sit_Aor_second_half.wav,0.00607966,0.31161463,0.9961853,-0.997406,-0.0012207031,0.31167397,0.002941016531322506,-0.17367630751908325,3.5055457105758023
noise_added_6db_boosted_AS_066_sit_Mit.wav,0.0636396,0.28377363,0.9949646,-0.991272,0.06515503,0.29082206,0.0018596604915893271,-0.11000254817035116,3.6491101126949115
noise_added_6db_boosted_AS_066_sit_Mit_first_half.wav,0.041482434,0.2865628,0.9945679,-0.9911804,0.04257202,0.2895497,0.0021400540168213457,-0.13936622143902502,3.9153199272094543
noise_added_6db_boosted_AS_066_sit_Mit_second_half.wav,0.08579528,0.27920416,0.99224854,-0.9911804,0.087905884,0.2920887,0.0015883301914153133,-0.06759110508989759,3.4127215322910525
noise_added_6db_boosted_AS_066_sit_Pul.wav,0.075045615,0.20970854,0.99508667,-0.99560547,0.07131958,0.22273189,0.002046589508410673,0.0060430675193760925,4.2573645981899135
noise_added_6db_boosted_AS_066_sit_Pul_first_half.wav,0.0740054,0.20205651,0.9897766,-0.99520874,0.072052,0.2151828,0.0020358269286542925,0.07075656942635448,4.375598721505619
noise_added_6db_boosted_AS_066_sit_Pul_second_half.wav,0.076083906,0.21708542,0.9947815,-0.99282837,0.070617676,0.23003227,0.0021887688515081207,-0.04805121510638994,4.1061261448769955
noise_added_6db_boosted_AS_066_sit_Tri.wav,-0.0011368638,0.333867,0.99380493,-0.9958191,0.0009460449,0.33386892,0.00226580626450116,-0.01555899994483072,2.7223045445169394
noise_added_6db_boosted_AS_066_sit_Tri_first_half.wav,0.0006658361,0.34685305,0.99365234,-0.99401855,0.0051574707,0.34685367,0.0023133881960556843,-0.05610547413772019,2.472001448880947
noise_added_6db_boosted_AS_066_sit_Tri_second_half.wav,-0.0029374573,0.32034412,0.9931946,-0.9953003,-0.002746582,0.32035762,0.0022216230423433873,0.03305498905371582,2.9840134773697216
noise_added_6db_boosted_AS_066_sup_Aor.wav,0.03370199,0.2805836,0.9897766,-0.9949951,0.042297363,0.2826004,0.002501450116009281,-0.6545551826390502,2.94883828002094
noise_added_6db_boosted_AS_066_sup_Aor_first_half.wav,0.003787933,0.2692197,0.9893799,-0.993042,0.013916016,0.26924634,0.0026827146171693734,-0.7494666243182453,2.843404370332814
noise_added_6db_boosted_AS_066_sup_Aor_second_half.wav,0.06361455,0.28841805,0.9901428,-0.99505615,0.07110596,0.29535028,0.002417615284222738,-0.6357966115260324,3.110404755356895
noise_added_6db_boosted_AS_066_sup_Mit.wav,0.009594173,0.1946191,0.99694824,-0.95895386,0.010955811,0.19485544,0.0028271597665313225,1.0018543835907883,8.090521163448871
noise_added_6db_boosted_AS_066_sup_Mit_first_half.wav,0.0072101047,0.193226,0.99502563,-0.9590149,0.010009766,0.19336046,0.00281299847737819,1.0800852015126188,8.27779461192542
noise_added_6db_boosted_AS_066_sup_Mit_second_half.wav,0.011975946,0.19597214,0.99658203,-0.91781616,0.011993408,0.19633773,0.002818662993039443,0.9262415956900613,7.919773480860757
noise_added_6db_boosted_AS_066_sup_Pul.wav,-0.07467912,0.3454671,0.9953613,-0.99154663,-0.07128906,0.35344657,0.002103801116589327,0.23092389952130116,1.4561708084238694
noise_added_6db_boosted_AS_066_sup_Pul_first_half.wav,-0.094064735,0.3406773,0.99401855,-0.9911194,-0.086364746,0.35342494,0.0020301624129930394,0.2171166537743362,1.6196913376006608
noise_added_6db_boosted_AS_066_sup_Pul_second_half.wav,-0.055294722,0.34911475,0.9952698,-0.99121094,-0.05529785,0.35346654,0.0021139972447795823,0.2378067004142852,1.3123984695984543
noise_added_6db_boosted_AS_066_sup_Tri.wav,-0.010381686,0.21563253,0.994751,-0.9907837,-0.009552002,0.21588233,0.002568291400812065,0.7114740693940541,7.402960572448494
noise_added_6db_boosted_AS_066_sup_Tri_first_half.wav,-0.01222419,0.22585423,0.99523926,-0.9904785,-0.0099487305,0.22618477,0.002729163645591647,0.506729209313836,7.047351343980113
noise_added_6db_boosted_AS_066_sup_Tri_second_half.wav,-0.008538467,0.20488456,0.99264526,-0.82910156,-0.009185791,0.20506239,0.0024312101218097446,0.985861750127512,7.678946575292624
noise_added_6db_boosted_AS_073_sit_Aor.wav,0.02753088,0.31431296,0.9963684,-0.9963074,0.020812988,0.3155164,0.003037313297563805,-0.021680387780614704,1.5265322200762927
noise_added_6db_boosted_AS_073_sit_Aor_first_half.wav,0.033675235,0.32997832,0.99658203,-0.9960327,0.030914307,0.3316922,0.002986332656612529,-0.12151343395282578,1.2905654951423937
noise_added_6db_boosted_AS_073_sit_Aor_second_half.wav,0.021384088,0.2976945,0.994812,-0.99346924,0.012054443,0.29846153,0.0030656358758700698,0.10035865870225023,1.7893244948448448
noise_added_6db_boosted_AS_073_sit_Mit.wav,0.0075949687,0.19315526,0.99398804,-0.9904785,0.008148193,0.1933045,0.0028673778277262182,0.6195682500754318,8.966978131420934
noise_added_6db_boosted_AS_073_sit_Mit_first_half.wav,-0.0011684386,0.21711318,0.9999695,-0.9906311,0.0022735596,0.21711633,0.00277334686774942,0.4840594163000264,7.522209204272416
noise_added_6db_boosted_AS_073_sit_Mit_second_half.wav,0.016345035,0.1652505,0.9999695,-0.8087158,0.014373779,0.16605689,0.0029319533062645013,0.9917523919343236,10.26629623364683
noise_added_6db_boosted_AS_073_sit_Pul.wav,0.01572384,0.3166564,0.9959717,-0.99627686,0.020812988,0.31704658,0.0031574010295823667,-0.03510549328104903,1.8128134478455369
noise_added_6db_boosted_AS_073_sit_Pul_first_half.wav,-0.008754659,0.32803828,0.99417114,-0.9959717,-0.0093688965,0.32815507,0.0032650268271461717,0.010749154947675947,1.5168621531366053
noise_added_6db_boosted_AS_073_sit_Pul_second_half.wav,0.040198773,0.3028767,0.9961853,-0.99386597,0.04373169,0.3055327,0.0029919971722737818,-0.051888576711565146,2.2211096006815847
noise_added_6db_boosted_AS_073_sit_Tri.wav,-0.0046039484,0.25756368,0.9949341,-0.9952698,-0.0044555664,0.25760484,0.0029987945910672853,0.07836301487663826,3.815411556352739
noise_added_6db_boosted_AS_073_sit_Tri_first_half.wav,-0.003322847,0.25801215,0.9946594,-0.99243164,-0.0037841797,0.25803354,0.003072433294663573,0.12812408207442352,3.849023177182402
noise_added_6db_boosted_AS_073_sit_Tri_second_half.wav,-0.0058831978,0.25710502,0.99468994,-0.99557495,-0.005126953,0.25717232,0.0028911687935034803,0.027927497218415257,3.7798681617567684
noise_added_6db_boosted_AS_073_sup_Aor.wav,-0.042517245,0.35401654,0.9999695,-0.9971924,-0.045959473,0.3565606,0.002589816560324826,-0.027336602701050976,0.521551843389918
noise_added_6db_boosted_AS_073_sup_Aor_first_half.wav,-0.047207844,0.34649634,0.999176,-0.9941101,-0.053100586,0.3496974,0.00257848752900232,0.00994016969726687,0.6246690664715184
noise_added_6db_boosted_AS_073_sup_Aor_second_half.wav,-0.03782625,0.36132073,0.9999695,-0.997406,-0.03807068,0.3632953,0.002632866879350348,-0.06330326089058602,0.4270482154660047
noise_added_6db_boosted_AS_073_sup_Mit.wav,-0.000248039,0.21824197,0.99627686,-0.9921875,0.00064086914,0.21824214,0.002745590741009281,0.13811641712463105,4.050175291552537
noise_added_6db_boosted_AS_073_sup_Mit_first_half.wav,0.0023476994,0.22454594,0.99612427,-0.9920044,0.002746582,0.22455822,0.0028583146026682133,0.1388903549269549,4.265658943626348
noise_added_6db_boosted_AS_073_sup_Mit_second_half.wav,-0.0028475344,0.21171737,0.9909973,-0.99069214,-0.0016479492,0.21173649,0.002640797201276102,0.1322731111344546,3.7235575911378724
noise_added_6db_boosted_AS_073_sup_Pul.wav,-0.035198554,0.31681016,0.9951477,-0.99194336,-0.029022217,0.3187595,0.002829992024361949,0.06398965764183785,1.462822626563348
noise_added_6db_boosted_AS_073_sup_Pul_first_half.wav,-0.0051248153,0.30461562,0.9949341,-0.9909973,-0.0030212402,0.30465874,0.0028481184744779584,0.1335348347977105,1.2850658003917887
noise_added_6db_boosted_AS_073_sup_Pul_second_half.wav,-0.06527023,0.3257876,0.9949646,-0.992218,-0.052703857,0.3322616,0.002777878480278422,0.043357878930068296,1.5864404180042424
noise_added_6db_boosted_AS_073_sup_Tri.wav,-0.02162361,0.2136223,0.9959717,-0.9913025,-0.01928711,0.21471392,0.0028600139573665894,0.33706417763753016,6.6955632871797395
noise_added_6db_boosted_AS_073_sup_Tri_first_half.wav,-0.032552175,0.21646677,0.9960327,-0.99102783,-0.03125,0.2189007,0.0029659404002320188,0.349006119709746,6.881987386222804
noise_added_6db_boosted_AS_073_sup_Tri_second_half.wav,-0.010696573,0.21017133,0.9949951,-0.99172974,-0.006378174,0.21044336,0.002833390733758701,0.3360071074909271,6.552101484277179
